﻿<?xml version="1.0"?>
<doc>
<assembly>
<name>
Funeraria Alfa Y Omega
</name>
</assembly>
<members>
<member name="T:CapaPresentacion.My.Resources.Resources">
<summary>
  A strongly-typed resource class, for looking up localized strings, etc.
</summary>
</member>
<member name="P:CapaPresentacion.My.Resources.Resources.ResourceManager">
<summary>
  Returns the cached ResourceManager instance used by this class.
</summary>
</member>
<member name="P:CapaPresentacion.My.Resources.Resources.Culture">
<summary>
  Overrides the current thread's CurrentUICulture property for all
  resource lookups using this strongly typed resource class.
</summary>
</member>
<member name="P:CapaPresentacion.My.Resources.Resources.app_icon">
<summary>
  Looks up a localized resource of type System.Drawing.Bitmap.
</summary>
</member>
<member name="P:CapaPresentacion.My.Resources.Resources.fondo_principal">
<summary>
  Looks up a localized resource of type System.Drawing.Bitmap.
</summary>
</member>
<member name="P:CapaPresentacion.My.Resources.Resources.foto">
<summary>
  Looks up a localized resource of type System.Drawing.Bitmap.
</summary>
</member>
<member name="P:CapaPresentacion.My.Resources.Resources.ic_cancel">
<summary>
  Looks up a localized resource of type System.Drawing.Bitmap.
</summary>
</member>
<member name="P:CapaPresentacion.My.Resources.Resources.ic_Clientes">
<summary>
  Looks up a localized resource of type System.Drawing.Bitmap.
</summary>
</member>
<member name="P:CapaPresentacion.My.Resources.Resources.ic_Compras">
<summary>
  Looks up a localized resource of type System.Drawing.Bitmap.
</summary>
</member>
<member name="P:CapaPresentacion.My.Resources.Resources.ic_Difuntos">
<summary>
  Looks up a localized resource of type System.Drawing.Bitmap.
</summary>
</member>
<member name="P:CapaPresentacion.My.Resources.Resources.ic_exclamacion">
<summary>
  Looks up a localized resource of type System.Drawing.Bitmap.
</summary>
</member>
<member name="P:CapaPresentacion.My.Resources.Resources.ic_login">
<summary>
  Looks up a localized resource of type System.Drawing.Bitmap.
</summary>
</member>
<member name="P:CapaPresentacion.My.Resources.Resources.ic_ok">
<summary>
  Looks up a localized resource of type System.Drawing.Bitmap.
</summary>
</member>
<member name="P:CapaPresentacion.My.Resources.Resources.ic_Personal">
<summary>
  Looks up a localized resource of type System.Drawing.Bitmap.
</summary>
</member>
<member name="P:CapaPresentacion.My.Resources.Resources.ic_Planes">
<summary>
  Looks up a localized resource of type System.Drawing.Bitmap.
</summary>
</member>
<member name="P:CapaPresentacion.My.Resources.Resources.ic_Productos">
<summary>
  Looks up a localized resource of type System.Drawing.Bitmap.
</summary>
</member>
<member name="P:CapaPresentacion.My.Resources.Resources.ic_Proveedores">
<summary>
  Looks up a localized resource of type System.Drawing.Bitmap.
</summary>
</member>
<member name="P:CapaPresentacion.My.Resources.Resources.ic_Ventas">
<summary>
  Looks up a localized resource of type System.Drawing.Bitmap.
</summary>
</member>
</members>
</doc>
